{
  "v": "5.7.4",
  "fr": 30,
  "ip": 0,
  "op": 60,
  "w": 300,
  "h": 300,
  "nm": "Sample Animation",
  "ddd": 0,
  "assets": [],
  "layers": [
    {
      "ddd": 0,
      "ind": 1,
      "ty": 4,
      "nm": "Circle",
      "sr": 1,
      "ks": {
        "o": { "a": 0, "k": 100 },
        "r": { "a": 1, "k": [ { "t": 0, "s": 0 }, { "t": 60, "s": 360 } ] },
        "p": { "a": 0, "k": [150, 150, 0] },
        "a": { "a": 0, "k": [0, 0, 0] },
        "s": { "a": 0, "k": [100, 100, 100] }
      },
      "shapes": [
        {
          "ty": "el",
          "p": { "a": 0, "k": [0, 0] },
          "s": { "a": 0, "k": [100, 100] },
          "nm": "Ellipse Path"
        },
        {
          "ty": "st",
          "c": { "a": 0, "k": [0.2, 0.6, 1, 1] },
          "w": { "a": 0, "k": 5 },
          "lc": 1,
          "lj": 1,
          "nm": "Stroke"
        }
      ],
      "ip": 0,
      "op": 60,
      "st": 0,
      "bm": 0
    }
  ]
}
